id,name,email,processed_timestamp
1,Amit Das,amit.das48@example.com,21-04-2026 05:24
2,Kavya Joshi,kavya.joshi67@example.com,21-04-2026 05:24
3,Neha Khan,neha.khan17@example.com,21-04-2026 05:24
4,Anjali Iyer,anjali.iyer64@example.com,21-04-2026 05:24
5,Neha Mehta,neha.mehta2@example.com,21-04-2026 05:24
6,Priya Khan,priya.khan5@example.com,21-04-2026 05:24
7,Neha Gupta,neha.gupta32@example.com,21-04-2026 05:24
8,Rohan Das,rohan.das16@example.com,21-04-2026 05:24
9,Arjun Das,arjun.das36@example.com,21-04-2026 05:24
10,Sneha Gupta,sneha.gupta43@example.com,21-04-2026 05:24
11,Sneha Gupta,sneha.gupta45@example.com,21-04-2026 05:24
12,Neha Sharma,neha.sharma84@example.com,21-04-2026 05:24
13,Sneha Singh,sneha.singh31@example.com,21-04-2026 05:24
14,Vikram Das,vikram.das26@example.com,21-04-2026 05:24
15,Anjali Iyer,anjali.iyer12@example.com,21-04-2026 05:24
16,Rahul Khan,rahul.khan92@example.com,21-04-2026 05:24
17,Neha Joshi,neha.joshi38@example.com,21-04-2026 05:24
18,Priya Das,priya.das17@example.com,21-04-2026 05:24
19,Anjali Patel,anjali.patel28@example.com,21-04-2026 05:24
20,Rohan Mehta,rohan.mehta7@example.com,21-04-2026 05:24
21,Rohan Nair,rohan.nair53@example.com,21-04-2026 05:24
22,Neha Iyer,neha.iyer26@example.com,21-04-2026 05:24
23,Arjun Gupta,arjun.gupta5@example.com,21-04-2026 05:24
24,Vikram Sharma,vikram.sharma82@example.com,21-04-2026 05:24
25,Neha Mehta,neha.mehta2@example.com,21-04-2026 05:24
26,Kavya Joshi,kavya.joshi57@example.com,21-04-2026 05:24
27,Amit Gupta,amit.gupta30@example.com,21-04-2026 05:24
28,Anjali Iyer,anjali.iyer53@example.com,21-04-2026 05:24
29,Vikram Iyer,vikram.iyer90@example.com,21-04-2026 05:24
30,Arjun Das,arjun.das23@example.com,21-04-2026 05:24
31,Sneha Gupta,sneha.gupta71@example.com,21-04-2026 05:24
32,Rahul Iyer,rahul.iyer75@example.com,21-04-2026 05:24
33,Rahul Gupta,rahul.gupta84@example.com,21-04-2026 05:24
34,Rohan Patel,rohan.patel53@example.com,21-04-2026 05:24
35,Kavya Singh,kavya.singh70@example.com,21-04-2026 05:24
36,Anjali Gupta,anjali.gupta84@example.com,21-04-2026 05:24
37,Neha Iyer,neha.iyer55@example.com,21-04-2026 05:24
38,Anjali Patel,anjali.patel65@example.com,21-04-2026 05:24
39,Rohan Iyer,rohan.iyer39@example.com,21-04-2026 05:24
40,Vikram Patel,vikram.patel9@example.com,21-04-2026 05:24
41,Sneha Singh,sneha.singh84@example.com,21-04-2026 05:24
42,Kavya Mehta,kavya.mehta28@example.com,21-04-2026 05:24
43,Rahul Sharma,rahul.sharma23@example.com,21-04-2026 05:24
44,Neha Das,neha.das75@example.com,21-04-2026 05:24
45,Sneha Khan,sneha.khan88@example.com,21-04-2026 05:24
46,Rahul Sharma,rahul.sharma71@example.com,21-04-2026 05:24
47,Kavya Khan,kavya.khan53@example.com,21-04-2026 05:24
48,Vikram Khan,vikram.khan88@example.com,21-04-2026 05:24
49,Amit Das,amit.das80@example.com,21-04-2026 05:24
50,Amit Gupta,amit.gupta41@example.com,21-04-2026 05:24
